File,Matched With,Similarity %
8 Tasks 1 & 2 122.cpp,Avl Graded Combine 124.cpp,100.0
Avl Graded Combine 124.cpp,8 Tasks 1 & 2 122.cpp,100.0
DSA manual 8 lab task 1 134.cpp,DSA manual 8 lab task 1 093.cpp,100.0
DSA manual 8 lab task 1 093.cpp,DSA manual 8 lab task 1 134.cpp,100.0
DSA manual 8 lab task 1 093.cpp,DSA manual 8 lab task 1 134.cpp,100.0
DSA manual 8 lab task 1 134.cpp,DSA manual 8 lab task 1 093.cpp,100.0
8 Tasks 1 & 2 122.cpp,Avl Graded Combine 124.cpp,100.0
Avl Graded Combine 124.cpp,8 Tasks 1 & 2 122.cpp,100.0
lab 8 t1 138.cpp,LAB8 TASK 1 167.cpp,100.0
LAB8 TASK 1 167.cpp,lab 8 t1 138.cpp,100.0
Lab 8 (1) 077.cpp,FA23-BCS-146 (Lab 8) 146.cpp,100.0
FA23-BCS-146 (Lab 8) 146.cpp,Lab 8 (1) 077.cpp,100.0
LAB 8 TASK 1 127.cpp,Lab 8 TASK1 099.cpp,100.0
Lab 8 TASK1 099.cpp,LAB 8 TASK 1 127.cpp,100.0
Lab 8 (1) 077.cpp,FA23-BCS-146 (Lab 8) 146.cpp,100.0
FA23-BCS-146 (Lab 8) 146.cpp,Lab 8 (1) 077.cpp,100.0
L8 GT1 147.cpp,Task 1 111.cpp,100.0
Task 1 111.cpp,L8 GT1 147.cpp,100.0
L8 GT1 123.cpp,L8 GT1 147.cpp,100.0
L8 GT1 147.cpp,L8 GT1 123.cpp,100.0
LAB 8 TASK 1 109.cpp,LAB 8 TASK 1 127.cpp,100.0
LAB 8 TASK 1 127.cpp,LAB 8 TASK 1 109.cpp,100.0
LAB 8 TASK 1 097.cpp,LAB 8 TASK 1 109.cpp,100.0
LAB 8 TASK 1 109.cpp,LAB 8 TASK 1 097.cpp,100.0
LAB 8 TASK 1 097.cpp,Lab 8 TASK1 099.cpp,100.0
Lab 8 TASK1 099.cpp,LAB 8 TASK 1 097.cpp,100.0
avl 148.cpp,avl 133.cpp,100.0
avl 133.cpp,avl 148.cpp,100.0
Task 1 111.cpp,Task 8.1 101.cpp,100.0
Task 8.1 101.cpp,Task 1 111.cpp,100.0
lab 8 t1 138.cpp,LAB8 TASK 1 167.cpp,100.0
LAB8 TASK 1 167.cpp,lab 8 t1 138.cpp,100.0
avl 148.cpp,avl 133.cpp,100.0
avl 133.cpp,avl 148.cpp,100.0
L8 GT1 123.cpp,Task 8.1 101.cpp,100.0
Task 8.1 101.cpp,L8 GT1 123.cpp,100.0
gt lab 8 172.cpp,LAB 8 Graded Tasks 091.cpp,99.0
LAB 8 Graded Tasks 091.cpp,gt lab 8 172.cpp,99.0
gt lab 8 172.cpp,LAB 8 Graded Tasks 091.cpp,99.0
LAB 8 Graded Tasks 091.cpp,gt lab 8 172.cpp,99.0
TASK4 165.cpp,labtask4 103.cpp,77.04
labtask4 103.cpp,TASK4 165.cpp,77.04
TASK4 165.cpp,labtask4 103.cpp,77.04
labtask4 103.cpp,TASK4 165.cpp,77.04
L8 GT1 123.cpp,task 01 (8) 121.cpp,71.17
task 01 (8) 121.cpp,L8 GT1 123.cpp,71.17
gt lab 8 172.cpp,dsafile8 170.cpp,38.7
dsafile8 170.cpp,gt lab 8 172.cpp,38.7
LAB8 116.cpp,lab8gradedtasks 164.cpp,35.92
lab8gradedtasks 164.cpp,LAB8 116.cpp,35.92
lab8gradedtasks 164.cpp,LAB8 116.cpp,35.92
LAB8 116.cpp,lab8gradedtasks 164.cpp,35.92
lab8-task1 .152.cpp,8TASK1 096.cpp,34.69
8TASK1 096.cpp,lab8-task1 .152.cpp,34.69
8TASK1 096.cpp,lab8-task1 .152.cpp,34.69
lab8-task1 .152.cpp,8TASK1 096.cpp,34.69
dsafile8 170.cpp,task 2 lab 8 120.cpp,34.69
task 2 lab 8 120.cpp,dsafile8 170.cpp,34.69
lab 8 task 1 145.cpp,LAB8 TASK 1 167.cpp,33.48
LAB8 TASK 1 167.cpp,lab 8 task 1 145.cpp,33.48
Untitled8 151.cpp,DSA manual 8 lab task 1 093.cpp,33.29
DSA manual 8 lab task 1 093.cpp,Untitled8 151.cpp,33.29
LAB 8 Graded Tasks 126.cpp,labtask4 103.cpp,31.98
labtask4 103.cpp,LAB 8 Graded Tasks 126.cpp,31.98
lab 8 task 1 145.cpp,AVL graded 01 140.cpp,28.57
AVL graded 01 140.cpp,lab 8 task 1 145.cpp,28.57
8TASK1 096.cpp,AVL REMAINING 107.cpp,25.63
AVL REMAINING 107.cpp,8TASK1 096.cpp,25.63
AVL 139.cpp,AVL REMAINING 107.cpp,18.44
AVL REMAINING 107.cpp,AVL 139.cpp,18.44
8TASK1 096.cpp,Lab Assigment 03 094.cpp,7.68
Lab Assigment 03 094.cpp,8TASK1 096.cpp,7.68
